                  epoch,         train/box_loss,         train/cls_loss,         train/dfl_loss,   metrics/precision(B),      metrics/recall(B),       metrics/mAP50(B),    metrics/mAP50-95(B),           val/box_loss,           val/cls_loss,           val/dfl_loss,                 lr/pg0,                 lr/pg1,                 lr/pg2
                      1,                 1.1321,                 1.1298,                  1.171,                0.76059,                0.58667,                0.62142,                 0.4312,                 1.2696,                 1.7773,                 1.2671,                0.00048,                0.00048,                0.00048
                      2,                 1.1279,                 1.0742,                 1.1611,                0.63991,                0.54667,                0.59258,                0.42688,                 1.3177,                 1.5864,                 1.2709,             0.00078596,             0.00078596,             0.00078596
                      3,                 1.2652,                 1.1626,                 1.2275,                0.65018,                0.58667,                0.58376,                0.38281,                 1.3195,                 1.7355,                 1.2946,             0.00089392,             0.00089392,             0.00089392
                      4,                 1.2603,                 1.2424,                  1.243,                 0.6164,                0.50667,                0.54884,                0.39069,                 1.3738,                 2.2456,                 1.2808,             0.00080388,             0.00080388,             0.00080388
                      5,                 1.2305,                 1.1866,                 1.2431,                0.72358,                0.57333,                0.65662,                0.47674,                 1.2125,                  1.562,                 1.2124,               0.000416,               0.000416,               0.000416
