                  epoch,         train/box_loss,         train/cls_loss,         train/dfl_loss,   metrics/precision(B),      metrics/recall(B),       metrics/mAP50(B),    metrics/mAP50-95(B),           val/box_loss,           val/cls_loss,           val/dfl_loss,                 lr/pg0,                 lr/pg1,                 lr/pg2
                      1,                0.61373,                0.47982,                0.91131,                0.75143,                0.68526,                0.71824,                0.54802,                   1.11,                 1.4258,                 1.1479,                0.00048,                0.00048,                0.00048
                      2,                0.63049,                0.47678,                0.90811,                 0.6971,                    0.6,                0.64723,                0.46723,                 1.3398,                 1.8777,                 1.2836,             0.00078596,             0.00078596,             0.00078596
                      3,                 0.7797,                0.59324,                0.95655,                0.79307,                 0.6132,                0.69748,                0.49766,                 1.2882,                 1.4348,                 1.2552,             0.00089392,             0.00089392,             0.00089392
                      4,                0.90292,                0.72485,                 1.0279,                0.83551,                0.54187,                0.62996,                 0.4494,                 1.2606,                 1.7489,                 1.2215,             0.00080388,             0.00080388,             0.00080388
                      5,                 1.0448,                0.86516,                  1.126,                0.74677,                0.62667,                0.70388,                0.53875,                  1.155,                   1.33,                 1.1663,               0.000416,               0.000416,               0.000416
