                  epoch,         train/box_loss,         train/cls_loss,         train/dfl_loss,   metrics/precision(B),      metrics/recall(B),       metrics/mAP50(B),    metrics/mAP50-95(B),           val/box_loss,           val/cls_loss,           val/dfl_loss,                 lr/pg0,                 lr/pg1,                 lr/pg2
                      1,                 1.0133,                0.92141,                  1.093,                0.67481,                0.55341,                0.63097,                0.44564,                 1.2253,                 1.5724,                 1.1772,                0.00048,                0.00048,                0.00048
                      2,                0.99753,                0.89052,                 1.0829,                0.57133,                0.54667,                0.58385,                0.38067,                 1.4704,                  1.728,                 1.4886,             0.00078596,             0.00078596,             0.00078596
                      3,                 1.1486,                 1.0285,                 1.1712,                0.76606,                0.48029,                0.59559,                0.39171,                 1.3401,                 1.6956,                 1.3084,             0.00089392,             0.00089392,             0.00089392
                      4,                 1.1792,                  1.075,                 1.1747,                0.70866,                0.50667,                0.58899,                0.38551,                 1.2973,                 1.7564,                 1.2469,             0.00080388,             0.00080388,             0.00080388
                      5,                 1.2055,                  1.076,                 1.2164,                0.76602,                0.65333,                0.66508,                0.50295,                 1.0361,                 1.4527,                  1.113,               0.000416,               0.000416,               0.000416
