                  epoch,         train/box_loss,         train/cls_loss,         train/dfl_loss,   metrics/precision(B),      metrics/recall(B),       metrics/mAP50(B),    metrics/mAP50-95(B),           val/box_loss,           val/cls_loss,           val/dfl_loss,                 lr/pg0,                 lr/pg1,                 lr/pg2
                      1,                0.52173,                0.42246,                0.87591,                0.88238,                0.54667,                0.65995,                0.49927,                 1.2459,                 2.0838,                 1.2103,                0.00048,                0.00048,                0.00048
                      2,                0.56726,                0.42015,                0.87862,                0.71609,                0.70623,                0.71542,                0.50424,                 1.1775,                 1.2486,                 1.2206,             0.00078596,             0.00078596,             0.00078596
                      3,                0.69476,                  0.505,                0.92311,                0.70242,                0.66667,                0.68258,                0.44469,                 1.4098,                 1.4065,                 1.3983,             0.00089392,             0.00089392,             0.00089392
                      4,                0.83268,                0.62772,                 0.9838,                  0.809,                   0.64,                0.74699,                0.51149,                 1.3125,                   1.33,                 1.2327,             0.00080388,             0.00080388,             0.00080388
                      5,                 1.0164,                0.78372,                 1.1017,                0.81143,                0.66667,                 0.7075,                0.50952,                 1.1769,                  1.422,                  1.154,               0.000416,               0.000416,               0.000416
