                  epoch,         train/box_loss,         train/cls_loss,         train/dfl_loss,   metrics/precision(B),      metrics/recall(B),       metrics/mAP50(B),    metrics/mAP50-95(B),           val/box_loss,           val/cls_loss,           val/dfl_loss,                 lr/pg0,                 lr/pg1,                 lr/pg2
                      1,                0.49369,                0.37843,                0.85643,                0.93252,                0.55282,                0.69333,                0.53579,                 1.1531,                 1.7675,                 1.1438,                0.00048,                0.00048,                0.00048
                      2,                0.54835,                0.39794,                0.86527,                0.69871,                0.52572,                0.59232,                0.41416,                 1.3697,                 1.7007,                 1.3344,             0.00078596,             0.00078596,             0.00078596
                      3,                0.68687,                0.48526,                0.91426,                0.76577,                0.66667,                0.71598,                0.50014,                 1.3696,                 1.3767,                 1.3384,             0.00089392,             0.00089392,             0.00089392
                      4,                 0.8385,                0.62869,                0.98741,                0.72229,                0.65893,                0.64929,                0.46917,                 1.2826,                 1.8407,                 1.1898,             0.00080388,             0.00080388,             0.00080388
                      5,                0.99305,                0.77743,                 1.0998,                0.84568,                0.65767,                0.70501,                0.52054,                 1.2114,                 1.2515,                 1.2699,               0.000416,               0.000416,               0.000416
