                  epoch,         train/box_loss,         train/cls_loss,         train/dfl_loss,   metrics/precision(B),      metrics/recall(B),       metrics/mAP50(B),    metrics/mAP50-95(B),           val/box_loss,           val/cls_loss,           val/dfl_loss,                 lr/pg0,                 lr/pg1,                 lr/pg2
                      1,                0.58583,                0.45587,                0.90347,                0.75475,                0.65333,                0.74063,                0.57551,                 1.0723,                 1.5054,                 1.1366,                0.00048,                0.00048,                0.00048
                      2,                0.71394,                0.54381,                0.93714,                0.76233,                0.54667,                0.58961,                0.41603,                 1.3057,                 1.7379,                 1.2241,             0.00078596,             0.00078596,             0.00078596
                      3,                0.86121,                0.64064,                0.99889,                0.68949,                   0.64,                0.66726,                0.45392,                 1.3291,                 1.8036,                 1.3053,             0.00089392,             0.00089392,             0.00089392
                      4,                0.98581,                0.80255,                 1.0818,                0.75308,                    0.6,                0.66417,                0.46642,                 1.1134,                 1.3825,                 1.1498,             0.00080388,             0.00080388,             0.00080388
                      5,                 1.0604,                0.87871,                  1.147,                0.89396,                0.58667,                0.68134,                0.49414,                 1.1846,                 1.5646,                 1.2176,               0.000416,               0.000416,               0.000416
