                  epoch,         train/box_loss,         train/cls_loss,         train/dfl_loss,   metrics/precision(B),      metrics/recall(B),       metrics/mAP50(B),    metrics/mAP50-95(B),           val/box_loss,           val/cls_loss,           val/dfl_loss,                 lr/pg0,                 lr/pg1,                 lr/pg2
                      1,                 1.1132,                 1.0247,                 1.1518,                0.80007,                0.54667,                0.66796,                0.46813,                 1.1981,                 1.6443,                  1.207,                0.00048,                0.00048,                0.00048
                      2,                 1.1026,                 1.0211,                 1.1507,                0.75348,                    0.6,                 0.6811,                0.47552,                 1.1901,                 1.4169,                   1.16,             0.00078596,             0.00078596,             0.00078596
                      3,                 1.2207,                 1.1179,                 1.2034,                0.77046,                0.50667,                0.61628,                0.41269,                 1.3261,                  2.011,                 1.2533,             0.00089392,             0.00089392,             0.00089392
                      4,                 1.2372,                 1.1713,                 1.2228,                 0.7633,                0.58667,                0.67492,                0.48664,                 1.1546,                 1.5326,                  1.145,             0.00080388,             0.00080388,             0.00080388
                      5,                 1.2291,                 1.1268,                 1.2356,                 0.7969,                0.70667,                0.71593,                0.51026,                  1.033,                 1.4741,                 1.1007,               0.000416,               0.000416,               0.000416
