                  epoch,         train/box_loss,         train/cls_loss,         train/dfl_loss,   metrics/precision(B),      metrics/recall(B),       metrics/mAP50(B),    metrics/mAP50-95(B),           val/box_loss,           val/cls_loss,           val/dfl_loss,                 lr/pg0,                 lr/pg1,                 lr/pg2
                      1,                0.39713,                0.30055,                0.83441,                0.77256,                   0.68,                0.74638,                0.54954,                 1.2401,                 1.6394,                 1.2495,                0.00048,                0.00048,                0.00048
                      2,                0.52081,                 0.3959,                0.86196,                0.67906,                0.56427,                0.60887,                 0.4091,                 1.5608,                 1.9436,                 1.4367,             0.00078596,             0.00078596,             0.00078596
                      3,                  0.651,                0.48623,                0.90295,                0.82517,                   0.56,                  0.645,                0.48157,                  1.316,                  1.576,                 1.3346,             0.00089392,             0.00089392,             0.00089392
                      4,                0.79865,                0.61383,                0.97442,                0.69259,                0.60081,                0.67976,                0.48059,                 1.3784,                  1.612,                 1.3287,             0.00080388,             0.00080388,             0.00080388
                      5,                 1.0119,                0.81177,                 1.1218,                0.81577,                0.66667,                0.71763,                0.53446,                  1.313,                 1.3887,                 1.3667,               0.000416,               0.000416,               0.000416
