                  epoch,         train/box_loss,         train/cls_loss,         train/dfl_loss,   metrics/precision(B),      metrics/recall(B),       metrics/mAP50(B),    metrics/mAP50-95(B),           val/box_loss,           val/cls_loss,           val/dfl_loss,                 lr/pg0,                 lr/pg1,                 lr/pg2
                      1,                0.55053,                0.43331,                0.88354,                0.71061,                0.65483,                0.67508,                0.49924,                 1.2998,                 1.7766,                 1.3016,                0.00048,                0.00048,                0.00048
                      2,                0.57942,                0.44221,                0.88616,                0.70443,                0.65333,                0.66818,                0.48531,                 1.3737,                 1.5183,                 1.4249,             0.00078596,             0.00078596,             0.00078596
                      3,                0.73783,                0.54909,                0.94146,                0.75401,                0.54667,                 0.6033,                 0.4307,                 1.2136,                 1.7085,                 1.2329,             0.00089392,             0.00089392,             0.00089392
                      4,                0.85727,                0.67058,                 1.0074,                0.78329,                0.67476,                0.69983,                0.52415,                 1.1904,                 1.3205,                 1.2431,             0.00080388,             0.00080388,             0.00080388
                      5,                 1.0118,                0.82248,                 1.1073,                0.77669,                   0.64,                0.71507,                0.54219,                 1.1634,                 1.2681,                 1.1777,               0.000416,               0.000416,               0.000416
