                  epoch,         train/box_loss,         train/cls_loss,         train/dfl_loss,   metrics/precision(B),      metrics/recall(B),       metrics/mAP50(B),    metrics/mAP50-95(B),           val/box_loss,           val/cls_loss,           val/dfl_loss,                 lr/pg0,                 lr/pg1,                 lr/pg2
                      1,                 1.3546,                 1.3507,                 1.2841,                0.73025,                0.53333,                0.61524,                0.40069,                 1.3302,                 1.6312,                 1.2639,                0.00048,                0.00048,                0.00048
                      2,                   1.34,                 1.3455,                 1.2838,                0.57654,                0.54667,                0.54852,                0.37907,                  1.336,                 1.7859,                 1.2846,             0.00078596,             0.00078596,             0.00078596
                      3,                 1.4156,                 1.3597,                 1.2946,                0.93235,                0.38667,                0.49128,                0.30495,                 1.5367,                 2.4677,                 1.4517,             0.00089392,             0.00089392,             0.00089392
                      4,                 1.3359,                 1.3613,                 1.2899,                0.66485,                0.54667,                0.60013,                0.41582,                 1.2364,                 1.7599,                 1.1723,             0.00080388,             0.00080388,             0.00080388
                      5,                 1.2512,                 1.2018,                 1.2472,                0.68081,                   0.64,                0.63667,                0.43793,                 1.1424,                 1.4832,                 1.1699,               0.000416,               0.000416,               0.000416
