                  epoch,         train/box_loss,         train/cls_loss,         train/dfl_loss,   metrics/precision(B),      metrics/recall(B),       metrics/mAP50(B),    metrics/mAP50-95(B),           val/box_loss,           val/cls_loss,           val/dfl_loss,                 lr/pg0,                 lr/pg1,                 lr/pg2
                      1,                0.82155,                0.68851,                 1.0022,                0.74694,                0.58667,                0.66134,                0.47598,                 1.1679,                 1.6834,                 1.2208,                0.00048,                0.00048,                0.00048
                      2,                0.81558,                0.66222,                0.99686,                0.68206,                0.58667,                0.63941,                0.43162,                 1.3134,                 1.6355,                 1.2817,             0.00078596,             0.00078596,             0.00078596
                      3,                0.97317,                   0.83,                 1.0615,                0.73425,                0.42667,                0.51849,                0.34312,                 1.3457,                 1.8317,                 1.2501,             0.00089392,             0.00089392,             0.00089392
                      4,                 1.0518,                0.95737,                 1.1138,                0.66844,                0.53766,                 0.5457,                0.38831,                 1.2505,                 1.6974,                 1.2157,             0.00080388,             0.00080388,             0.00080388
                      5,                 1.1097,                0.96957,                 1.1655,                0.72999,                0.61282,                0.69069,                0.50822,                 1.1709,                  1.348,                 1.1581,               0.000416,               0.000416,               0.000416
