                  epoch,         train/box_loss,         train/cls_loss,         train/dfl_loss,   metrics/precision(B),      metrics/recall(B),       metrics/mAP50(B),    metrics/mAP50-95(B),           val/box_loss,           val/cls_loss,           val/dfl_loss,                 lr/pg0,                 lr/pg1,                 lr/pg2
                      1,                0.53034,                0.41231,                0.87157,                0.75655,                0.66298,                0.68775,                0.49699,                 1.2306,                 1.5855,                 1.2483,                0.00048,                0.00048,                0.00048
                      2,                0.56499,                0.41511,                0.87669,                0.75876,                0.62907,                0.66901,                0.44705,                 1.4226,                  1.645,                 1.3296,             0.00078596,             0.00078596,             0.00078596
                      3,                 0.7237,                0.52381,                0.92779,                 0.7346,                    0.6,                0.66583,                  0.465,                 1.2495,                 1.5611,                 1.2397,             0.00089392,             0.00089392,             0.00089392
                      4,                0.82957,                0.62623,                0.98472,                 0.7964,                    0.6,                0.67401,                0.49752,                 1.2073,                  1.558,                 1.2233,             0.00080388,             0.00080388,             0.00080388
                      5,                0.99963,                0.77936,                 1.1055,                0.85614,                0.63485,                0.71635,                0.55106,                 1.0649,                 1.2086,                 1.1428,               0.000416,               0.000416,               0.000416
