                  epoch,         train/box_loss,         train/cls_loss,         train/dfl_loss,   metrics/precision(B),      metrics/recall(B),       metrics/mAP50(B),    metrics/mAP50-95(B),           val/box_loss,           val/cls_loss,           val/dfl_loss,                 lr/pg0,                 lr/pg1,                 lr/pg2
                      1,                0.38927,                  0.294,                0.83072,                0.85833,                   0.68,                 0.7309,                 0.5153,                 1.3441,                 1.5299,                 1.3712,                0.00048,                0.00048,                0.00048
                      2,                0.52428,                 0.3969,                0.86363,                0.64018,                0.62667,                0.58663,                 0.3832,                 1.6575,                 1.6267,                 1.6748,             0.00078596,             0.00078596,             0.00078596
                      3,                0.66453,                0.49658,                0.91247,                0.76408,                0.66667,                 0.7272,                0.52576,                 1.2505,                  1.497,                 1.2988,             0.00089392,             0.00089392,             0.00089392
                      4,                0.81589,                0.62067,                0.98803,                0.74104,                 0.6105,                0.67439,                 0.4936,                 1.2916,                  1.664,                 1.2343,             0.00080388,             0.00080388,             0.00080388
                      5,                 0.9957,                0.78715,                 1.1031,                0.79243,                0.66667,                0.69505,                0.52412,                 1.2165,                 1.7169,                 1.1999,               0.000416,               0.000416,               0.000416
