                  epoch,         train/box_loss,         train/cls_loss,         train/dfl_loss,   metrics/precision(B),      metrics/recall(B),       metrics/mAP50(B),    metrics/mAP50-95(B),           val/box_loss,           val/cls_loss,           val/dfl_loss,                 lr/pg0,                 lr/pg1,                 lr/pg2
                      1,                0.74157,                0.59938,                0.96677,                0.73853,                   0.64,                0.69943,                0.51045,                 1.2677,                 1.8166,                 1.2557,                0.00048,                0.00048,                0.00048
                      2,                0.76027,                0.60002,                0.96267,                0.79626,                0.57333,                0.68818,                0.48808,                  1.177,                 1.4114,                  1.165,             0.00078596,             0.00078596,             0.00078596
                      3,                0.92572,                0.72536,                 1.0325,                0.74657,                   0.52,                0.55998,                0.39762,                 1.4708,                 1.7692,                  1.568,             0.00089392,             0.00089392,             0.00089392
                      4,                 1.0312,                 0.8536,                 1.1161,                0.75799,                0.58667,                0.68877,                0.48398,                 1.2133,                 1.5007,                 1.2138,             0.00080388,             0.00080388,             0.00080388
                      5,                 1.1132,                0.92948,                 1.1772,                0.86716,                 0.6093,                0.71525,                 0.5285,                  1.195,                 1.3677,                  1.208,               0.000416,               0.000416,               0.000416
