                  epoch,         train/box_loss,         train/cls_loss,         train/dfl_loss,   metrics/precision(B),      metrics/recall(B),       metrics/mAP50(B),    metrics/mAP50-95(B),           val/box_loss,           val/cls_loss,           val/dfl_loss,                 lr/pg0,                 lr/pg1,                 lr/pg2
                      1,                0.41287,                0.31378,                 0.8386,                0.75428,                   0.68,                 0.7361,                0.54926,                 1.3373,                 1.7469,                 1.3794,                0.00048,                0.00048,                0.00048
                      2,                0.54954,                0.39509,                0.86817,                0.71955,                0.58667,                0.60441,                0.44768,                 1.3412,                 1.8664,                 1.2854,             0.00078596,             0.00078596,             0.00078596
                      3,                 0.6932,                 0.5164,                0.92329,                 0.7951,                0.62667,                0.70545,                0.50615,                 1.2532,                 1.3353,                 1.2706,             0.00089392,             0.00089392,             0.00089392
                      4,                0.86091,                0.66058,                0.99266,                 0.7076,                    0.6,                0.66365,                0.47184,                 1.3074,                 1.5257,                 1.3407,             0.00080388,             0.00080388,             0.00080388
