                  epoch,         train/box_loss,         train/cls_loss,         train/dfl_loss,   metrics/precision(B),      metrics/recall(B),       metrics/mAP50(B),    metrics/mAP50-95(B),           val/box_loss,           val/cls_loss,           val/dfl_loss,                 lr/pg0,                 lr/pg1,                 lr/pg2
                      1,                0.59331,                0.46779,                0.89553,                0.84934,                0.66667,                0.70789,                 0.5016,                 1.3107,                 1.4827,                 1.2421,                0.00048,                0.00048,                0.00048
                      2,                0.60357,                0.45241,                0.89422,                0.72601,                0.45935,                0.59466,                0.42264,                 1.3459,                 1.7784,                 1.2337,             0.00078596,             0.00078596,             0.00078596
                      3,                0.76966,                0.56518,                0.95403,                 0.6175,                   0.52,                0.55637,                0.34627,                 1.4145,                 1.9741,                 1.3081,             0.00089392,             0.00089392,             0.00089392
                      4,                0.89288,                0.70369,                 1.0244,                 0.7742,                0.62667,                0.67516,                0.48814,                 1.2092,                 1.6356,                 1.1991,             0.00080388,             0.00080388,             0.00080388
                      5,                 1.0349,                0.85307,                 1.1235,                0.76269,                0.64282,                0.69219,                0.53664,                 1.0887,                 1.3963,                 1.1647,               0.000416,               0.000416,               0.000416
