                  epoch,         train/box_loss,         train/cls_loss,         train/dfl_loss,   metrics/precision(B),      metrics/recall(B),       metrics/mAP50(B),    metrics/mAP50-95(B),           val/box_loss,           val/cls_loss,           val/dfl_loss,                 lr/pg0,                 lr/pg1,                 lr/pg2
                      1,                 1.4927,                 2.1546,                 1.3942,                0.23905,                0.66667,                0.37521,                0.23173,                 1.4009,                 8.5987,                 1.3176,             0.00065278,             0.00065278,             0.00065278
                      2,                 1.5264,                 1.7261,                 1.4083,                0.58647,                0.38667,                0.40446,                0.22947,                 1.5577,                 3.8519,                 1.4931,              0.0010582,              0.0010582,              0.0010582
                      3,                 1.6021,                 1.6833,                 1.4219,                0.39807,                    0.4,                0.32845,                0.16874,                 1.7064,                  4.247,                 1.5217,              0.0011996,              0.0011996,              0.0011996
                      4,                 1.5086,                 1.5931,                 1.3986,                0.71337,                0.57333,                0.58695,                  0.402,                 1.3014,                  2.075,                 1.2496,               0.000812,               0.000812,               0.000812
                      5,                 1.4018,                 1.4394,                 1.3164,                0.63051,                0.65988,                0.66062,                0.46517,                 1.1527,                  1.553,                 1.1689,               0.000416,               0.000416,               0.000416
