                  epoch,         train/box_loss,         train/cls_loss,         train/dfl_loss,   metrics/precision(B),      metrics/recall(B),       metrics/mAP50(B),    metrics/mAP50-95(B),           val/box_loss,           val/cls_loss,           val/dfl_loss,                 lr/pg0,                 lr/pg1,                 lr/pg2
                      1,                0.96933,                0.84505,                 1.0739,                0.71723,                0.57495,                0.60029,                0.43464,                 1.2411,                 1.8445,                 1.2729,                0.00048,                0.00048,                0.00048
                      2,                0.98725,                0.87024,                 1.0823,                0.63538,                0.51122,                0.55948,                0.38989,                 1.3549,                 1.6533,                 1.3022,             0.00078596,             0.00078596,             0.00078596
                      3,                 1.0877,                0.93237,                 1.1217,                0.67006,                   0.52,                0.59292,                0.39072,                 1.5198,                  1.685,                 1.4163,             0.00089392,             0.00089392,             0.00089392
                      4,                 1.1393,                 1.0747,                 1.1688,                0.81643,                0.57333,                0.67242,                0.45868,                 1.2434,                  1.657,                 1.1967,             0.00080388,             0.00080388,             0.00080388
                      5,                   1.16,                 1.0308,                 1.1872,                0.74891,                0.61333,                0.67393,                0.48987,                 1.1949,                 1.5013,                 1.2026,               0.000416,               0.000416,               0.000416
