                  epoch,         train/box_loss,         train/cls_loss,         train/dfl_loss,   metrics/precision(B),      metrics/recall(B),       metrics/mAP50(B),    metrics/mAP50-95(B),           val/box_loss,           val/cls_loss,           val/dfl_loss,                 lr/pg0,                 lr/pg1,                 lr/pg2
                      1,                 1.4481,                 1.4574,                 1.3446,                0.77166,                   0.56,                0.63876,                0.40996,                  1.292,                 1.6647,                  1.237,                0.00048,                0.00048,                0.00048
                      2,                 1.4481,                 1.5216,                 1.3468,                0.60681,                0.51448,                0.57663,                0.36281,                 1.3438,                 1.6951,                 1.2782,             0.00078596,             0.00078596,             0.00078596
                      3,                 1.3842,                 1.3988,                 1.3159,                0.61265,                0.54832,                0.52288,                0.31225,                  1.402,                 1.7664,                 1.2483,             0.00089392,             0.00089392,             0.00089392
                      4,                  1.423,                 1.4133,                 1.3321,                0.64949,                0.57333,                0.60794,                0.39525,                 1.2741,                 1.7486,                 1.2536,             0.00080388,             0.00080388,             0.00080388
                      5,                 1.3888,                  1.345,                  1.308,                0.83064,                   0.56,                0.63229,                0.44693,                 1.1479,                 1.6044,                 1.1447,               0.000416,               0.000416,               0.000416
