                  epoch,         train/box_loss,         train/cls_loss,         train/dfl_loss,   metrics/precision(B),      metrics/recall(B),       metrics/mAP50(B),    metrics/mAP50-95(B),           val/box_loss,           val/cls_loss,           val/dfl_loss,                 lr/pg0,                 lr/pg1,                 lr/pg2
                      1,                0.67031,                0.52074,                0.93185,                0.75094,                   0.64,                 0.6539,                 0.4827,                 1.2371,                 1.6308,                 1.2374,                0.00048,                0.00048,                0.00048
                      2,                0.69448,                0.52661,                0.92711,                0.75699,                   0.64,                0.65834,                0.44237,                 1.4836,                 1.3168,                 1.4357,             0.00078596,             0.00078596,             0.00078596
                      3,                0.84878,                0.63483,                0.98874,                 0.6045,                0.53333,                0.53244,                0.35905,                 1.4714,                 2.1118,                 1.4172,             0.00089392,             0.00089392,             0.00089392
                      4,                 0.9425,                0.74894,                  1.051,                 0.7142,                0.61333,                 0.6233,                0.43124,                 1.3075,                 1.7324,                 1.2733,             0.00080388,             0.00080388,             0.00080388
                      5,                 1.0485,                0.84705,                 1.1181,                  0.831,                   0.64,                0.70476,                0.50058,                 1.2744,                 1.3695,                  1.245,               0.000416,               0.000416,               0.000416
