                  epoch,         train/box_loss,         train/cls_loss,         train/dfl_loss,   metrics/precision(B),      metrics/recall(B),       metrics/mAP50(B),    metrics/mAP50-95(B),           val/box_loss,           val/cls_loss,           val/dfl_loss,                 lr/pg0,                 lr/pg1,                 lr/pg2
                      1,                0.67565,                0.55021,                0.93791,                 0.8076,                0.67166,                0.74532,                0.54868,                 1.1865,                 1.6892,                 1.1795,                0.00048,                0.00048,                0.00048
                      2,                0.73438,                0.56276,                0.94208,                0.76981,                0.62429,                0.68473,                 0.4923,                 1.3032,                 1.4181,                 1.2735,             0.00078596,             0.00078596,             0.00078596
                      3,                 0.8626,                0.66268,                 1.0025,                0.66342,                0.62667,                0.64741,                0.43538,                 1.4051,                 1.6902,                 1.3215,             0.00089392,             0.00089392,             0.00089392
                      4,                0.98149,                0.78829,                 1.0737,                0.64423,                0.60363,                0.58244,                0.40708,                 1.2451,                 1.5457,                 1.2408,             0.00080388,             0.00080388,             0.00080388
                      5,                 1.0837,                 0.9118,                 1.1413,                0.72801,                0.73333,                0.72813,                0.52105,                 1.2043,                 1.3982,                 1.1838,               0.000416,               0.000416,               0.000416
