                  epoch,         train/box_loss,         train/cls_loss,         train/dfl_loss,   metrics/precision(B),      metrics/recall(B),       metrics/mAP50(B),    metrics/mAP50-95(B),           val/box_loss,           val/cls_loss,           val/dfl_loss,                 lr/pg0,                 lr/pg1,                 lr/pg2
                      1,                0.76211,                0.62252,                 0.9766,                0.89492,                0.54667,                 0.7037,                0.51324,                 1.2205,                 1.6568,                 1.1686,                0.00048,                0.00048,                0.00048
                      2,                0.88806,                0.75983,                 1.0261,                 0.6632,                0.68264,                0.66933,                0.45779,                 1.2271,                 1.4511,                 1.2421,             0.00078596,             0.00078596,             0.00078596
                      3,                0.99266,                0.85907,                 1.0853,                0.78538,                    0.6,                0.66407,                0.45465,                 1.3044,                 1.7045,                 1.2895,             0.00089392,             0.00089392,             0.00089392
                      4,                 1.1024,                 0.9754,                 1.1513,                0.83908,                0.55624,                0.64918,                 0.4642,                 1.2233,                 1.5393,                 1.1941,             0.00080388,             0.00080388,             0.00080388
                      5,                 1.1434,                 1.0069,                 1.1904,                0.75535,                0.65333,                0.71666,                0.52846,                 1.1342,                 1.3067,                 1.1884,               0.000416,               0.000416,               0.000416
