                  epoch,         train/box_loss,         train/cls_loss,         train/dfl_loss,   metrics/precision(B),      metrics/recall(B),       metrics/mAP50(B),    metrics/mAP50-95(B),           val/box_loss,           val/cls_loss,           val/dfl_loss,                 lr/pg0,                 lr/pg1,                 lr/pg2
                      1,                0.54203,                0.41303,                0.89013,                0.78203,                0.61333,                  0.704,                0.52498,                 1.2881,                  1.726,                 1.2729,                0.00048,                0.00048,                0.00048
                      2,                0.73181,                0.54612,                0.94514,                0.69735,                0.49159,                0.54781,                0.38383,                 1.3499,                 2.0575,                 1.2421,             0.00078596,             0.00078596,             0.00078596
                      3,                 0.8661,                0.67161,                 1.0034,                0.74023,                0.57333,                0.64352,                0.46377,                 1.3416,                 1.5814,                 1.3015,             0.00089392,             0.00089392,             0.00089392
                      4,                0.95513,                0.76915,                  1.061,                0.80094,                   0.56,                0.65752,                0.48764,                 1.2347,                 1.5986,                 1.3102,             0.00080388,             0.00080388,             0.00080388
                      5,                 1.0686,                0.85552,                 1.1418,                0.71797,                0.57707,                0.61678,                0.46041,                 1.2184,                 1.5376,                 1.2819,               0.000416,               0.000416,               0.000416
