                  epoch,         train/box_loss,         train/cls_loss,         train/dfl_loss,   metrics/precision(B),      metrics/recall(B),       metrics/mAP50(B),    metrics/mAP50-95(B),           val/box_loss,           val/cls_loss,           val/dfl_loss,                 lr/pg0,                 lr/pg1,                 lr/pg2
                      1,                0.78753,                0.64578,                0.98371,                0.70416,                0.61333,                0.63629,                0.46573,                 1.2908,                 1.7314,                 1.2489,                0.00048,                0.00048,                0.00048
                      2,                0.80268,                0.65583,                0.98767,                0.85312,                0.54217,                0.66789,                0.48687,                 1.2358,                 1.4617,                 1.2163,             0.00078596,             0.00078596,             0.00078596
                      3,                0.92798,                0.75848,                 1.0397,                 0.6617,                0.62667,                0.61799,                0.42197,                 1.3273,                 1.8273,                 1.3202,             0.00089392,             0.00089392,             0.00089392
                      4,                 1.0558,                0.89852,                 1.1138,                0.68246,                0.66667,                0.68779,                0.48855,                 1.1662,                 1.4534,                 1.1783,             0.00080388,             0.00080388,             0.00080388
                      5,                 1.0937,                0.94837,                  1.171,                0.75759,                0.62507,                0.64547,                 0.4718,                 1.2462,                 1.6781,                 1.2144,               0.000416,               0.000416,               0.000416
