                  epoch,         train/box_loss,         train/cls_loss,         train/dfl_loss,   metrics/precision(B),      metrics/recall(B),       metrics/mAP50(B),    metrics/mAP50-95(B),           val/box_loss,           val/cls_loss,           val/dfl_loss,                 lr/pg0,                 lr/pg1,                 lr/pg2
                      1,                 0.5529,                0.40746,                0.88715,                 0.7018,                0.65333,                0.66867,                0.50758,                 1.1977,                 1.6347,                 1.1881,                0.00048,                0.00048,                0.00048
                      2,                0.62824,                0.48238,                0.90533,                0.72602,                0.60066,                0.60212,                0.42554,                 1.3283,                 1.9097,                 1.2453,             0.00078596,             0.00078596,             0.00078596
                      3,                0.82073,                0.60147,                0.97369,                0.64832,                   0.56,                0.63497,                0.43524,                 1.4087,                 1.6305,                  1.338,             0.00089392,             0.00089392,             0.00089392
                      4,                0.93699,                0.75433,                 1.0451,                0.77542,                0.55249,                0.64041,                0.46105,                 1.2235,                 1.5642,                 1.2206,             0.00080388,             0.00080388,             0.00080388
                      5,                 1.0623,                0.87303,                 1.1401,                    0.8,                0.64001,                0.70892,                0.52161,                 1.1543,                 1.3402,                 1.1667,               0.000416,               0.000416,               0.000416
