                  epoch,         train/box_loss,         train/cls_loss,         train/dfl_loss,   metrics/precision(B),      metrics/recall(B),       metrics/mAP50(B),    metrics/mAP50-95(B),           val/box_loss,           val/cls_loss,           val/dfl_loss,                 lr/pg0,                 lr/pg1,                 lr/pg2
                      1,                0.90742,                0.79658,                 1.0475,                0.79066,                 0.6547,                0.69477,                0.51625,                 1.1729,                 1.4918,                 1.2092,                0.00048,                0.00048,                0.00048
                      2,                0.89146,                0.76975,                 1.0324,                0.69449,                0.60625,                0.63574,                 0.4533,                 1.1842,                 1.3618,                 1.1883,             0.00078596,             0.00078596,             0.00078596
                      3,                 1.0331,                0.88595,                 1.1051,                0.75773,                0.61333,                0.69921,                0.47861,                 1.1938,                 1.3433,                 1.2081,             0.00089392,             0.00089392,             0.00089392
                      4,                 1.0941,                0.97178,                 1.1315,                0.73078,                0.58667,                0.65869,                0.48069,                  1.169,                 1.4157,                 1.1573,             0.00080388,             0.00080388,             0.00080388
                      5,                  1.156,                 1.0198,                 1.1909,                0.78087,                0.61771,                0.71146,                0.52035,                 1.1159,                 1.2041,                 1.1434,               0.000416,               0.000416,               0.000416
