                  epoch,         train/box_loss,         train/cls_loss,         train/dfl_loss,   metrics/precision(B),      metrics/recall(B),       metrics/mAP50(B),    metrics/mAP50-95(B),           val/box_loss,           val/cls_loss,           val/dfl_loss,                 lr/pg0,                 lr/pg1,                 lr/pg2
                      1,                0.49787,                0.39612,                0.86183,                0.85174,                0.69333,                0.75317,                0.55299,                 1.2666,                 1.4913,                 1.2752,                0.00048,                0.00048,                0.00048
                      2,                0.51657,                0.40607,                0.86252,                0.81067,                0.51387,                 0.6108,                0.38658,                 1.6914,                 1.8236,                 1.6777,             0.00078596,             0.00078596,             0.00078596
                      3,                0.66296,                0.51303,                0.91495,                0.83735,                0.61783,                 0.6742,                0.48773,                 1.3466,                 1.4819,                 1.3954,             0.00089392,             0.00089392,             0.00089392
                      4,                0.77528,                0.59976,                 0.9623,                0.82967,                0.58454,                0.70979,                0.51213,                 1.3161,                 1.5038,                 1.3396,             0.00080388,             0.00080388,             0.00080388
                      5,                0.97936,                0.76739,                 1.0907,                0.71265,                0.65333,                0.65775,                0.47465,                 1.3043,                 1.5967,                 1.3388,               0.000416,               0.000416,               0.000416
