                  epoch,         train/box_loss,         train/cls_loss,         train/dfl_loss,   metrics/precision(B),      metrics/recall(B),       metrics/mAP50(B),    metrics/mAP50-95(B),           val/box_loss,           val/cls_loss,           val/dfl_loss,                 lr/pg0,                 lr/pg1,                 lr/pg2
                      1,                0.77364,                0.63902,                0.98094,                0.77597,                0.69274,                0.72546,                0.51691,                 1.2494,                 1.4056,                  1.208,                0.00048,                0.00048,                0.00048
                      2,                0.75917,                0.62932,                0.96215,                0.58553,                0.66667,                0.59575,                0.40794,                 1.3652,                 1.4819,                 1.2915,             0.00078596,             0.00078596,             0.00078596
                      3,                0.93105,                0.72633,                 1.0357,                0.61916,                0.50667,                0.53831,                0.37232,                 1.4814,                 1.7919,                 1.4188,             0.00089392,             0.00089392,             0.00089392
                      4,                 1.0202,                0.84826,                 1.0973,                0.76744,                0.65333,                0.66152,                0.50126,                 1.1828,                 1.5512,                 1.1977,             0.00080388,             0.00080388,             0.00080388
                      5,                 1.0729,                0.90253,                 1.1482,                0.73401,                0.66667,                0.70528,                0.53449,                 1.0576,                 1.2065,                  1.059,               0.000416,               0.000416,               0.000416
