                  epoch,         train/box_loss,         train/cls_loss,         train/dfl_loss,   metrics/precision(B),      metrics/recall(B),       metrics/mAP50(B),    metrics/mAP50-95(B),           val/box_loss,           val/cls_loss,           val/dfl_loss,                 lr/pg0,                 lr/pg1,                 lr/pg2
                      1,                0.70678,                0.55995,                0.94948,                0.76671,                0.65333,                0.70798,                0.50136,                 1.1392,                 1.4415,                  1.137,                0.00048,                0.00048,                0.00048
                      2,                0.71429,                0.57244,                0.94394,                0.63837,                0.56493,                0.56556,                0.38811,                 1.2744,                 1.5971,                 1.2545,             0.00078596,             0.00078596,             0.00078596
                      3,                0.87832,                0.70674,                 1.0046,                0.79177,                0.55772,                0.64341,                0.43247,                 1.3818,                  1.688,                 1.3442,             0.00089392,             0.00089392,             0.00089392
                      4,                0.97556,                 0.8213,                 1.0619,                  0.791,                   0.68,                0.69012,                0.47294,                 1.2858,                 1.4691,                 1.2509,             0.00080388,             0.00080388,             0.00080388
                      5,                 1.0558,                0.86384,                 1.1287,                0.75723,                   0.68,                0.69996,                 0.5112,                 1.2115,                 1.4163,                 1.2509,               0.000416,               0.000416,               0.000416
