                  epoch,         train/box_loss,         train/cls_loss,         train/dfl_loss,   metrics/precision(B),      metrics/recall(B),       metrics/mAP50(B),    metrics/mAP50-95(B),           val/box_loss,           val/cls_loss,           val/dfl_loss,                 lr/pg0,                 lr/pg1,                 lr/pg2
                      1,                0.39956,                0.30969,                0.83746,                0.80004,                0.64015,                0.70883,                0.53804,                  1.215,                 1.7058,                  1.255,                0.00048,                0.00048,                0.00048
                      2,                0.52899,                0.38843,                0.86141,                0.63209,                0.66434,                0.63716,                0.44307,                 1.4457,                 1.6281,                 1.3865,             0.00078596,             0.00078596,             0.00078596
                      3,                0.67722,                0.49759,                0.91754,                0.60679,                    0.6,                   0.61,                0.41583,                 1.3531,                 1.6306,                 1.3943,             0.00089392,             0.00089392,             0.00089392
                      4,                0.83054,                0.65487,                0.98664,                0.67394,                 0.6339,                0.66279,                 0.4634,                 1.3022,                 1.5453,                  1.254,             0.00080388,             0.00080388,             0.00080388
                      5,                0.99598,                0.80625,                 1.1143,                0.75387,                0.65342,                 0.6907,                0.50772,                 1.2083,                 1.6709,                 1.1723,               0.000416,               0.000416,               0.000416
