                  epoch,         train/box_loss,         train/cls_loss,         train/dfl_loss,   metrics/precision(B),      metrics/recall(B),       metrics/mAP50(B),    metrics/mAP50-95(B),           val/box_loss,           val/cls_loss,           val/dfl_loss,                 lr/pg0,                 lr/pg1,                 lr/pg2
                      1,                  0.871,                0.73174,                  1.031,                0.73119,                0.61658,                0.71543,                0.51452,                 1.2528,                 1.4767,                 1.1895,                0.00048,                0.00048,                0.00048
                      2,                0.87351,                0.72496,                 1.0207,                0.60974,                0.64584,                0.66741,                0.42696,                 1.2879,                 1.5828,                 1.2775,             0.00078596,             0.00078596,             0.00078596
                      3,                 1.0372,                0.88181,                 1.0964,                0.74582,                0.65333,                0.63464,                0.43652,                 1.2531,                 1.7898,                 1.2443,             0.00089392,             0.00089392,             0.00089392
                      4,                 1.1177,                0.98311,                 1.1487,                0.77524,                0.58667,                0.67645,                0.47534,                 1.2888,                 1.7613,                 1.2257,             0.00080388,             0.00080388,             0.00080388
                      5,                 1.1501,                0.99674,                 1.1839,                0.86296,                0.53333,                0.68256,                0.48563,                 1.2864,                 1.4942,                 1.2802,               0.000416,               0.000416,               0.000416
