                  epoch,         train/box_loss,         train/cls_loss,         train/dfl_loss,   metrics/precision(B),      metrics/recall(B),       metrics/mAP50(B),    metrics/mAP50-95(B),           val/box_loss,           val/cls_loss,           val/dfl_loss,                 lr/pg0,                 lr/pg1,                 lr/pg2
                      1,                0.48966,                0.38931,                0.86176,                0.72615,                0.60104,                 0.6598,                0.50691,                 1.3822,                 1.9061,                 1.3641,                0.00048,                0.00048,                0.00048
                      2,                0.53496,                 0.4065,                0.86738,                0.81511,                0.57333,                0.65997,                0.45797,                 1.5455,                 1.8877,                 1.5525,             0.00078596,             0.00078596,             0.00078596
                      3,                0.68358,                0.51245,                0.91163,                0.80706,                0.58667,                0.67447,                0.48729,                  1.372,                 1.7273,                 1.3944,             0.00089392,             0.00089392,             0.00089392
                      4,                0.77902,                0.60724,                0.96213,                0.80886,                0.67712,                0.69672,                0.51205,                 1.2364,                 1.4161,                 1.3018,             0.00080388,             0.00080388,             0.00080388
                      5,                0.95357,                0.75379,                 1.0828,                0.72355,                   0.64,                 0.6841,                0.50544,                 1.2923,                 1.8069,                 1.2695,               0.000416,               0.000416,               0.000416
