                  epoch,         train/box_loss,         train/cls_loss,         train/dfl_loss,   metrics/precision(B),      metrics/recall(B),       metrics/mAP50(B),    metrics/mAP50-95(B),           val/box_loss,           val/cls_loss,           val/dfl_loss,                 lr/pg0,                 lr/pg1,                 lr/pg2
                      1,                0.42843,                0.33095,                0.84182,                0.81805,                   0.64,                0.75508,                0.55392,                 1.2094,                 1.5207,                 1.2761,                0.00048,                0.00048,                0.00048
                      2,                0.52821,                0.38817,                0.86294,                0.66196,                0.61333,                0.64556,                0.43682,                 1.4671,                 1.6314,                 1.4579,             0.00078596,             0.00078596,             0.00078596
                      3,                0.68147,                0.49523,                0.91457,                0.79604,                   0.56,                0.62814,                0.45762,                 1.2097,                 1.3494,                  1.264,             0.00089392,             0.00089392,             0.00089392
                      4,                0.82143,                0.61847,                0.97757,                 0.6999,                   0.56,                 0.5688,                0.40893,                 1.2658,                 1.8269,                 1.2598,             0.00080388,             0.00080388,             0.00080388
                      5,                0.99502,                0.82126,                 1.1028,                0.73952,                0.65333,                0.68434,                0.50777,                 1.2085,                  1.499,                  1.205,               0.000416,               0.000416,               0.000416
