                  epoch,         train/box_loss,         train/cls_loss,         train/dfl_loss,   metrics/precision(B),      metrics/recall(B),       metrics/mAP50(B),    metrics/mAP50-95(B),           val/box_loss,           val/cls_loss,           val/dfl_loss,                 lr/pg0,                 lr/pg1,                 lr/pg2
                      1,                 1.3676,                 1.4139,                 1.3034,                0.67007,                0.49333,                0.56161,                0.39079,                 1.3071,                 1.7721,                 1.2979,                0.00048,                0.00048,                0.00048
                      2,                 1.3857,                 1.4076,                 1.3238,                0.67039,                   0.48,                0.52797,                0.32028,                 1.4344,                 1.8806,                 1.2954,             0.00078596,             0.00078596,             0.00078596
                      3,                 1.4544,                  1.471,                 1.3478,                0.78739,                0.41333,                0.51407,                 0.3299,                  1.459,                 1.9726,                 1.3551,             0.00089392,             0.00089392,             0.00089392
                      4,                 1.3886,                 1.4485,                 1.3329,                0.66368,                   0.64,                0.60319,                0.39793,                 1.3186,                 1.6257,                 1.2994,             0.00080388,             0.00080388,             0.00080388
                      5,                 1.3187,                 1.3218,                 1.3003,                0.72028,                0.61333,                0.63685,                0.44036,                 1.2459,                 1.5828,                 1.2386,               0.000416,               0.000416,               0.000416
